<?xml version="1.0" encoding="utf-8"?>
<VisioDocument>
	<DocumentProperties>
		<Title></Title>
		<HyperlinkBase href=""></HyperlinkBase>
	</DocumentProperties>
	<Pages>
		<Page ID="0" Name="Страница-1" NameU="Page-1">
			<PageProps>
				<PageScale Unit="MM">0.039370078740157</PageScale>
				<DrawingScale Unit="MM">0.039370078740157</DrawingScale>
			</PageProps>
			<Layer IX="0">
				<Name>Блок-схема</Name>
				<NameUniv>Flowchart</NameUniv>
				<Visible>1</Visible>
			</Layer>
			<Layer IX="1">
				<Name>Соединительная линия</Name>
				<NameUniv>Connector</NameUniv>
				<Visible>1</Visible>
			</Layer>
			<Shapes>
				<Shape ID="2" UniqueID="{C4750E14-F5D8-4E10-BA79-6D4FEBCB6F81}" Name="Документ" NameU="Document" Master="4">
					<Text>Документ Накладная</Text>
					<XForm>
						<PinX Unit="MM">1.377952723807496</PinX>
						<PinY Unit="MM">7.677165175498905</PinY>
					</XForm>
					<LayerMem>
						<LayerMember>0</LayerMember>
					</LayerMem>
					<Prop ID="1" Name="Cost" NameU="Cost">
						<Value></Value>
						<Label>Стоимость</Label>
					</Prop>
					<Prop ID="2" Name="ProcessNumber" NameU="ProcessNumber">
						<Value></Value>
						<Label>Номер процесса</Label>
					</Prop>
					<Prop ID="3" Name="Owner" NameU="Owner">
						<Value></Value>
						<Label>Владелец</Label>
					</Prop>
					<Prop ID="4" Name="Function" NameU="Function">
						<Value></Value>
						<Label>Функция</Label>
					</Prop>
					<Prop ID="5" Name="StartDate" NameU="StartDate">
						<Value></Value>
						<Label>Дата начала</Label>
					</Prop>
					<Prop ID="6" Name="EndDate" NameU="EndDate">
						<Value></Value>
						<Label>Дата окончания</Label>
					</Prop>
					<Prop ID="7" Name="Status" NameU="Status">
						<Value></Value>
						<Label>Состояние</Label>
					</Prop>
				</Shape>
				<Shape ID="3" UniqueID="{22F3F656-B606-47D1-B09B-153297002B18}" Name="Пользовательская 1" NameU="Custom 1" Master="5">
					<Text>Параметры</Text>
					<XForm>
						<PinX Unit="MM">1.377952723807496</PinX>
						<PinY Unit="MM">6.791338403845360</PinY>
					</XForm>
					<LayerMem>
						<LayerMember>0</LayerMember>
					</LayerMem>
					<Prop ID="1" Name="Cost" NameU="Cost">
						<Value></Value>
						<Label>Стоимость</Label>
					</Prop>
					<Prop ID="2" Name="ProcessNumber" NameU="ProcessNumber">
						<Value></Value>
						<Label>Номер процесса</Label>
					</Prop>
					<Prop ID="3" Name="Owner" NameU="Owner">
						<Value></Value>
						<Label>Владелец</Label>
					</Prop>
					<Prop ID="4" Name="Function" NameU="Function">
						<Value></Value>
						<Label>Функция</Label>
					</Prop>
					<Prop ID="5" Name="StartDate" NameU="StartDate">
						<Value></Value>
						<Label>Дата начала</Label>
					</Prop>
					<Prop ID="6" Name="EndDate" NameU="EndDate">
						<Value></Value>
						<Label>Дата окончания</Label>
					</Prop>
					<Prop ID="7" Name="Status" NameU="Status">
						<Value></Value>
						<Label>Состояние</Label>
					</Prop>
				</Shape>
				<Shape ID="4" UniqueID="{81599CAC-BD4D-4282-B779-FAB343B8F33C}" Name="Данные" NameU="Data" Master="6">
					<Text>Ввод данных в БД</Text>
					<XForm>
						<PinX Unit="MM">3.248031408939806</PinX>
						<PinY Unit="MM">7.677165175498905</PinY>
					</XForm>
					<LayerMem>
						<LayerMember>0</LayerMember>
					</LayerMem>
					<Prop ID="1" Name="Cost" NameU="Cost">
						<Value></Value>
						<Label>Стоимость</Label>
					</Prop>
					<Prop ID="2" Name="ProcessNumber" NameU="ProcessNumber">
						<Value></Value>
						<Label>Номер процесса</Label>
					</Prop>
					<Prop ID="3" Name="Owner" NameU="Owner">
						<Value></Value>
						<Label>Владелец</Label>
					</Prop>
					<Prop ID="4" Name="Function" NameU="Function">
						<Value></Value>
						<Label>Функция</Label>
					</Prop>
					<Prop ID="5" Name="StartDate" NameU="StartDate">
						<Value></Value>
						<Label>Дата начала</Label>
					</Prop>
					<Prop ID="6" Name="EndDate" NameU="EndDate">
						<Value></Value>
						<Label>Дата окончания</Label>
					</Prop>
					<Prop ID="7" Name="Status" NameU="Status">
						<Value></Value>
						<Label>Состояние</Label>
					</Prop>
				</Shape>
				<Shape ID="5" UniqueID="{F4681586-3048-4B77-8536-15D4DCCCF7BE}" Name="Процесс" NameU="Process" Master="7">
					<Text>Загрузка БД</Text>
					<XForm>
						<PinX Unit="MM">4.724409338768557</PinX>
						<PinY Unit="MM">7.677165175498905</PinY>
					</XForm>
					<LayerMem>
						<LayerMember>0</LayerMember>
					</LayerMem>
					<Prop ID="1" Name="Cost" NameU="Cost">
						<Value></Value>
						<Label>Стоимость</Label>
					</Prop>
					<Prop ID="2" Name="ProcessNumber" NameU="ProcessNumber">
						<Value></Value>
						<Label>Номер процесса</Label>
					</Prop>
					<Prop ID="3" Name="Owner" NameU="Owner">
						<Value></Value>
						<Label>Владелец</Label>
					</Prop>
					<Prop ID="4" Name="Function" NameU="Function">
						<Value></Value>
						<Label>Функция</Label>
					</Prop>
					<Prop ID="5" Name="StartDate" NameU="StartDate">
						<Value></Value>
						<Label>Дата начала</Label>
					</Prop>
					<Prop ID="6" Name="EndDate" NameU="EndDate">
						<Value></Value>
						<Label>Дата окончания</Label>
					</Prop>
					<Prop ID="7" Name="Status" NameU="Status">
						<Value></Value>
						<Label>Состояние</Label>
					</Prop>
				</Shape>
				<Shape ID="6" UniqueID="{29361E32-C6D9-40ED-B145-57BA9C24DE58}" Name="База данных" NameU="Database" Master="8">
					<Text>Накладная Строки накладной</Text>
					<XForm>
						<PinX Unit="MM">6.594488023900867</PinX>
						<PinY Unit="MM">7.677165175498905</PinY>
					</XForm>
					<LayerMem>
						<LayerMember>0</LayerMember>
					</LayerMem>
					<Prop ID="1" Name="Cost" NameU="Cost">
						<Value></Value>
						<Label>Стоимость</Label>
					</Prop>
					<Prop ID="2" Name="ProcessNumber" NameU="ProcessNumber">
						<Value></Value>
						<Label>Номер процесса</Label>
					</Prop>
					<Prop ID="3" Name="Owner" NameU="Owner">
						<Value></Value>
						<Label>Владелец</Label>
					</Prop>
					<Prop ID="4" Name="Function" NameU="Function">
						<Value></Value>
						<Label>Функция</Label>
					</Prop>
					<Prop ID="5" Name="StartDate" NameU="StartDate">
						<Value></Value>
						<Label>Дата начала</Label>
					</Prop>
					<Prop ID="6" Name="EndDate" NameU="EndDate">
						<Value></Value>
						<Label>Дата окончания</Label>
					</Prop>
					<Prop ID="7" Name="Status" NameU="Status">
						<Value></Value>
						<Label>Состояние</Label>
					</Prop>
				</Shape>
				<Shape ID="7" UniqueID="{92FE7332-4071-4E98-BB7A-308357ED45DA}" Name="Процесс.7" NameU="Process.7" Master="7">
					<Text>Задача 1.2</Text>
					<XForm>
						<PinX Unit="MM">4.724409338768557</PinX>
						<PinY Unit="MM">5.511810895229983</PinY>
					</XForm>
					<LayerMem>
						<LayerMember>0</LayerMember>
					</LayerMem>
					<Prop ID="1" Name="Cost" NameU="Cost">
						<Value></Value>
						<Label>Стоимость</Label>
					</Prop>
					<Prop ID="2" Name="ProcessNumber" NameU="ProcessNumber">
						<Value></Value>
						<Label>Номер процесса</Label>
					</Prop>
					<Prop ID="3" Name="Owner" NameU="Owner">
						<Value></Value>
						<Label>Владелец</Label>
					</Prop>
					<Prop ID="4" Name="Function" NameU="Function">
						<Value></Value>
						<Label>Функция</Label>
					</Prop>
					<Prop ID="5" Name="StartDate" NameU="StartDate">
						<Value></Value>
						<Label>Дата начала</Label>
					</Prop>
					<Prop ID="6" Name="EndDate" NameU="EndDate">
						<Value></Value>
						<Label>Дата окончания</Label>
					</Prop>
					<Prop ID="7" Name="Status" NameU="Status">
						<Value></Value>
						<Label>Состояние</Label>
					</Prop>
				</Shape>
				<Shape ID="8" UniqueID="{29093E6B-23AF-428A-8DD0-9C2B4FF990E0}" Name="База данных.8" NameU="Database.8" Master="8">
					<Text>Отклонение</Text>
					<XForm>
						<PinX Unit="MM">6.594488023900867</PinX>
						<PinY Unit="MM">6.496062813294181</PinY>
					</XForm>
					<LayerMem>
						<LayerMember>0</LayerMember>
					</LayerMem>
					<Prop ID="1" Name="Cost" NameU="Cost">
						<Value></Value>
						<Label>Стоимость</Label>
					</Prop>
					<Prop ID="2" Name="ProcessNumber" NameU="ProcessNumber">
						<Value></Value>
						<Label>Номер процесса</Label>
					</Prop>
					<Prop ID="3" Name="Owner" NameU="Owner">
						<Value></Value>
						<Label>Владелец</Label>
					</Prop>
					<Prop ID="4" Name="Function" NameU="Function">
						<Value></Value>
						<Label>Функция</Label>
					</Prop>
					<Prop ID="5" Name="StartDate" NameU="StartDate">
						<Value></Value>
						<Label>Дата начала</Label>
					</Prop>
					<Prop ID="6" Name="EndDate" NameU="EndDate">
						<Value></Value>
						<Label>Дата окончания</Label>
					</Prop>
					<Prop ID="7" Name="Status" NameU="Status">
						<Value></Value>
						<Label>Состояние</Label>
					</Prop>
				</Shape>
				<Shape ID="9" UniqueID="{E9215475-7890-47EA-BA9A-882EAA51F92B}" Name="Документ.9" NameU="Document.9" Master="4">
					<Text>Отчет «Отклоение»</Text>
					<XForm>
						<PinX Unit="MM">6.594488023900867</PinX>
						<PinY Unit="MM">5.511810895229983</PinY>
					</XForm>
					<LayerMem>
						<LayerMember>0</LayerMember>
					</LayerMem>
					<Prop ID="1" Name="Cost" NameU="Cost">
						<Value></Value>
						<Label>Стоимость</Label>
					</Prop>
					<Prop ID="2" Name="ProcessNumber" NameU="ProcessNumber">
						<Value></Value>
						<Label>Номер процесса</Label>
					</Prop>
					<Prop ID="3" Name="Owner" NameU="Owner">
						<Value></Value>
						<Label>Владелец</Label>
					</Prop>
					<Prop ID="4" Name="Function" NameU="Function">
						<Value></Value>
						<Label>Функция</Label>
					</Prop>
					<Prop ID="5" Name="StartDate" NameU="StartDate">
						<Value></Value>
						<Label>Дата начала</Label>
					</Prop>
					<Prop ID="6" Name="EndDate" NameU="EndDate">
						<Value></Value>
						<Label>Дата окончания</Label>
					</Prop>
					<Prop ID="7" Name="Status" NameU="Status">
						<Value></Value>
						<Label>Состояние</Label>
					</Prop>
				</Shape>
				<Shape ID="14" UniqueID="{9849E9CF-CFFE-4919-9BB5-9C0DD2BC5E5E}" Name="База данных.14" NameU="Database.14" Master="8">
					<Text>Накладная Строки накладной План</Text>
					<XForm>
						<PinX Unit="MM">3.248031408939806</PinX>
						<PinY Unit="MM">5.511810895229984</PinY>
					</XForm>
					<LayerMem>
						<LayerMember>0</LayerMember>
					</LayerMem>
					<Prop ID="1" Name="Cost" NameU="Cost">
						<Value></Value>
						<Label>Стоимость</Label>
					</Prop>
					<Prop ID="2" Name="ProcessNumber" NameU="ProcessNumber">
						<Value></Value>
						<Label>Номер процесса</Label>
					</Prop>
					<Prop ID="3" Name="Owner" NameU="Owner">
						<Value></Value>
						<Label>Владелец</Label>
					</Prop>
					<Prop ID="4" Name="Function" NameU="Function">
						<Value></Value>
						<Label>Функция</Label>
					</Prop>
					<Prop ID="5" Name="StartDate" NameU="StartDate">
						<Value></Value>
						<Label>Дата начала</Label>
					</Prop>
					<Prop ID="6" Name="EndDate" NameU="EndDate">
						<Value></Value>
						<Label>Дата окончания</Label>
					</Prop>
					<Prop ID="7" Name="Status" NameU="Status">
						<Value></Value>
						<Label>Состояние</Label>
					</Prop>
				</Shape>
				<Shape ID="15" UniqueID="{FC201863-C6E6-4D92-BD88-D36B0002B172}" Name="Процесс.15" NameU="Process.15" Master="7">
					<Text>Задача 1.3</Text>
					<XForm>
						<PinX Unit="MM">4.724409338768557</PinX>
						<PinY Unit="MM">3.149606225845705</PinY>
					</XForm>
					<LayerMem>
						<LayerMember>0</LayerMember>
					</LayerMem>
					<Prop ID="1" Name="Cost" NameU="Cost">
						<Value></Value>
						<Label>Стоимость</Label>
					</Prop>
					<Prop ID="2" Name="ProcessNumber" NameU="ProcessNumber">
						<Value></Value>
						<Label>Номер процесса</Label>
					</Prop>
					<Prop ID="3" Name="Owner" NameU="Owner">
						<Value></Value>
						<Label>Владелец</Label>
					</Prop>
					<Prop ID="4" Name="Function" NameU="Function">
						<Value></Value>
						<Label>Функция</Label>
					</Prop>
					<Prop ID="5" Name="StartDate" NameU="StartDate">
						<Value></Value>
						<Label>Дата начала</Label>
					</Prop>
					<Prop ID="6" Name="EndDate" NameU="EndDate">
						<Value></Value>
						<Label>Дата окончания</Label>
					</Prop>
					<Prop ID="7" Name="Status" NameU="Status">
						<Value></Value>
						<Label>Состояние</Label>
					</Prop>
				</Shape>
				<Shape ID="16" UniqueID="{C0812329-0DCC-440F-80FE-BAFB0A52DFA1}" Name="База данных.16" NameU="Database.16" Master="8">
					<Text>Анализ</Text>
					<XForm>
						<PinX Unit="MM">6.594488023900867</PinX>
						<PinY Unit="MM">3.543307017832711</PinY>
					</XForm>
					<LayerMem>
						<LayerMember>0</LayerMember>
					</LayerMem>
					<Prop ID="1" Name="Cost" NameU="Cost">
						<Value></Value>
						<Label>Стоимость</Label>
					</Prop>
					<Prop ID="2" Name="ProcessNumber" NameU="ProcessNumber">
						<Value></Value>
						<Label>Номер процесса</Label>
					</Prop>
					<Prop ID="3" Name="Owner" NameU="Owner">
						<Value></Value>
						<Label>Владелец</Label>
					</Prop>
					<Prop ID="4" Name="Function" NameU="Function">
						<Value></Value>
						<Label>Функция</Label>
					</Prop>
					<Prop ID="5" Name="StartDate" NameU="StartDate">
						<Value></Value>
						<Label>Дата начала</Label>
					</Prop>
					<Prop ID="6" Name="EndDate" NameU="EndDate">
						<Value></Value>
						<Label>Дата окончания</Label>
					</Prop>
					<Prop ID="7" Name="Status" NameU="Status">
						<Value></Value>
						<Label>Состояние</Label>
					</Prop>
				</Shape>
				<Shape ID="17" UniqueID="{57335031-4D3E-40F0-B126-E4FB1F1D44B4}" Name="Документ.17" NameU="Document.17" Master="4">
					<Text>Отчёт «Анализ»</Text>
					<XForm>
						<PinX Unit="MM">6.594488023900867</PinX>
						<PinY Unit="MM">2.657480246179167</PinY>
					</XForm>
					<LayerMem>
						<LayerMember>0</LayerMember>
					</LayerMem>
					<Prop ID="1" Name="Cost" NameU="Cost">
						<Value></Value>
						<Label>Стоимость</Label>
					</Prop>
					<Prop ID="2" Name="ProcessNumber" NameU="ProcessNumber">
						<Value></Value>
						<Label>Номер процесса</Label>
					</Prop>
					<Prop ID="3" Name="Owner" NameU="Owner">
						<Value></Value>
						<Label>Владелец</Label>
					</Prop>
					<Prop ID="4" Name="Function" NameU="Function">
						<Value></Value>
						<Label>Функция</Label>
					</Prop>
					<Prop ID="5" Name="StartDate" NameU="StartDate">
						<Value></Value>
						<Label>Дата начала</Label>
					</Prop>
					<Prop ID="6" Name="EndDate" NameU="EndDate">
						<Value></Value>
						<Label>Дата окончания</Label>
					</Prop>
					<Prop ID="7" Name="Status" NameU="Status">
						<Value></Value>
						<Label>Состояние</Label>
					</Prop>
				</Shape>
				<Shape ID="18" UniqueID="{493301BD-7C8B-47A2-AC95-B6FBE9440D70}" Name="База данных.18" NameU="Database.18" Master="8">
					<Text>Отклонение Заказчика</Text>
					<XForm>
						<PinX Unit="MM">3.248031408939806</PinX>
						<PinY Unit="MM">3.149606225845706</PinY>
					</XForm>
					<LayerMem>
						<LayerMember>0</LayerMember>
					</LayerMem>
					<Prop ID="1" Name="Cost" NameU="Cost">
						<Value></Value>
						<Label>Стоимость</Label>
					</Prop>
					<Prop ID="2" Name="ProcessNumber" NameU="ProcessNumber">
						<Value></Value>
						<Label>Номер процесса</Label>
					</Prop>
					<Prop ID="3" Name="Owner" NameU="Owner">
						<Value></Value>
						<Label>Владелец</Label>
					</Prop>
					<Prop ID="4" Name="Function" NameU="Function">
						<Value></Value>
						<Label>Функция</Label>
					</Prop>
					<Prop ID="5" Name="StartDate" NameU="StartDate">
						<Value></Value>
						<Label>Дата начала</Label>
					</Prop>
					<Prop ID="6" Name="EndDate" NameU="EndDate">
						<Value></Value>
						<Label>Дата окончания</Label>
					</Prop>
					<Prop ID="7" Name="Status" NameU="Status">
						<Value></Value>
						<Label>Состояние</Label>
					</Prop>
				</Shape>
				<Shape ID="20" UniqueID="{678C45D3-D186-4ABE-9D51-494B09ED8580}" Name="Динамическая соединительная линия" NameU="Dynamic connector" Master="14">
					<XForm>
						<PinX Unit="MM">1.870078708059464</PinX>
						<PinY Unit="MM">7.234251789672133</PinY>
					</XForm>
					<LayerMem>
						<LayerMember>1</LayerMember>
					</LayerMem>
				</Shape>
				<Shape ID="21" UniqueID="{92316CFF-23D8-49CA-BDBF-F186F0B72FA0}" Name="Динамическая соединительная линия.21" NameU="Dynamic connector.21" Master="14">
					<XForm>
						<PinX Unit="MM">2.386810964011446</PinX>
						<PinY Unit="MM">7.530531722382364</PinY>
					</XForm>
					<LayerMem>
						<LayerMember>1</LayerMember>
					</LayerMem>
				</Shape>
				<Shape ID="23" UniqueID="{B866F9D8-5294-4DBE-BD2A-62DBBBE9E9D0}" Name="Динамическая соединительная линия.23" NameU="Dynamic connector.23" Master="14">
					<XForm>
						<PinX Unit="MM">3.986220373854181</PinX>
						<PinY Unit="MM">7.677165175498905</PinY>
					</XForm>
					<LayerMem>
						<LayerMember>1</LayerMember>
					</LayerMem>
				</Shape>
				<Shape ID="24" UniqueID="{1B533447-F38C-4919-85E7-B2BB37DEA00C}" Name="Динамическая соединительная линия.24" NameU="Dynamic connector.24" Master="14">
					<XForm>
						<PinX Unit="MM">5.659448681334712</PinX>
						<PinY Unit="MM">7.677165175498905</PinY>
					</XForm>
					<LayerMem>
						<LayerMember>1</LayerMember>
					</LayerMem>
				</Shape>
				<Shape ID="25" UniqueID="{E09A3E22-8252-4C14-B802-B64709FE70A2}" Name="Динамическая соединительная линия.25" NameU="Dynamic connector.25" Master="14">
					<XForm>
						<PinX Unit="MM">4.724409338768557</PinX>
						<PinY Unit="MM">6.594488035364444</PinY>
					</XForm>
					<LayerMem>
						<LayerMember>1</LayerMember>
					</LayerMem>
				</Shape>
				<Shape ID="26" UniqueID="{152BA56D-D290-4C8F-B8DB-14765F8D851B}" Name="Динамическая соединительная линия.26" NameU="Dynamic connector.26" Master="14">
					<XForm>
						<PinX Unit="MM">4.023129822673079</PinX>
						<PinY Unit="MM">5.511810895229983</PinY>
					</XForm>
					<LayerMem>
						<LayerMember>1</LayerMember>
					</LayerMem>
				</Shape>
				<Shape ID="28" UniqueID="{5ED309BB-BC43-4655-9579-901CEABC453A}" Name="Динамическая соединительная линия.28" NameU="Dynamic connector.28" Master="14">
					<XForm>
						<PinX Unit="MM">4.724409338768557</PinX>
						<PinY Unit="MM">4.330708560537844</PinY>
					</XForm>
					<LayerMem>
						<LayerMember>1</LayerMember>
					</LayerMem>
				</Shape>
				<Shape ID="29" UniqueID="{B1C5DB5C-DF46-4B77-B07C-BEC2CB7DB7BA}" Name="Динамическая соединительная линия.29" NameU="Dynamic connector.29" Master="14">
					<XForm>
						<PinX Unit="MM">5.905511661997119</PinX>
						<PinY Unit="MM">5.413385686916012</PinY>
					</XForm>
					<LayerMem>
						<LayerMember>1</LayerMember>
					</LayerMem>
				</Shape>
				<Shape ID="30" UniqueID="{35E9385E-2586-4620-AFCA-265750773C36}" Name="Динамическая соединительная линия.30" NameU="Dynamic connector.30" Master="14">
					<XForm>
						<PinX Unit="MM">5.462598303682933</PinX>
						<PinY Unit="MM">5.511810895229983</PinY>
					</XForm>
					<LayerMem>
						<LayerMember>1</LayerMember>
					</LayerMem>
				</Shape>
				<Shape ID="31" UniqueID="{2ADAEA78-FA8E-4481-8CBA-5DE1947390B8}" Name="Динамическая соединительная линия.31" NameU="Dynamic connector.31" Master="14">
					<XForm>
						<PinX Unit="MM">5.905511661997119</PinX>
						<PinY Unit="MM">5.730756736184818</PinY>
					</XForm>
					<LayerMem>
						<LayerMember>1</LayerMember>
					</LayerMem>
				</Shape>
				<Shape ID="32" UniqueID="{7D3F899E-C102-4EEE-A8DD-F677DA5D8FC3}" Name="Динамическая соединительная линия.32" NameU="Dynamic connector.32" Master="14">
					<XForm>
						<PinX Unit="MM">4.023129822673079</PinX>
						<PinY Unit="MM">3.149606225845705</PinY>
					</XForm>
					<LayerMem>
						<LayerMember>1</LayerMember>
					</LayerMem>
				</Shape>
				<Shape ID="33" UniqueID="{76CAE803-1B5A-4C18-88F3-D7439F0B5021}" Name="Динамическая соединительная линия.33" NameU="Dynamic connector.33" Master="14">
					<XForm>
						<PinX Unit="MM">5.807086467439441</PinX>
						<PinY Unit="MM">2.657480259935460</PinY>
					</XForm>
					<LayerMem>
						<LayerMember>1</LayerMember>
					</LayerMem>
				</Shape>
				<Shape ID="35" UniqueID="{54D8744C-63DC-4C9F-904A-3118FBDE45ED}" Name="Динамическая соединительная линия.35" NameU="Dynamic connector.35" Master="14">
					<XForm>
						<PinX Unit="MM">5.364173109125254</PinX>
						<PinY Unit="MM">3.149606225845705</PinY>
					</XForm>
					<LayerMem>
						<LayerMember>1</LayerMember>
					</LayerMem>
				</Shape>
				<Shape ID="37" UniqueID="{015A01E6-255A-4586-841D-8D0C1D09890D}" Name="Динамическая соединительная линия.37" NameU="Dynamic connector.37" Master="14">
					<XForm>
						<PinX Unit="MM">5.807086467439441</PinX>
						<PinY Unit="MM">2.706692846897079</PinY>
					</XForm>
					<LayerMem>
						<LayerMember>1</LayerMember>
					</LayerMem>
				</Shape>
			</Shapes>
		</Page>
	</Pages>
</VisioDocument>
