<xml xmlns:o="urn:schemas-microsoft-com:office:office">
 <o:File HRef="minimize.gif"/>
 <o:File HRef="maximize.gif"/>
 <o:File HRef="go.gif"/>
 <o:File HRef="fullpage.gif"/>
 <o:File HRef="plus.gif"/>
 <o:File HRef="minus.gif"/>
 <o:File HRef="panminus.gif"/>
 <o:File HRef="panplus.gif"/>
 <o:File HRef="tick-foc.gif"/>
 <o:File HRef="tick-off.gif"/>
 <o:File HRef="tick-on.gif"/>
 <o:File HRef="toc.gif"/>
 <o:File HRef="toc2.gif"/>
 <o:File HRef="arrow.png"/>
 <o:File HRef="data.xml"/>
 <o:File HRef="frameset.js"/>
 <o:File HRef="keys.js"/>
 <o:File HRef="visio.css"/>
 <o:File HRef="xaml_1.xaml"/>
 <o:File HRef="png_1.png"/>
 <o:File HRef="xaml_1.js"/>
 <o:File HRef="Silverlight.js"/>
 <o:File HRef="Silverlight.supportedUserAgent.js"/>
 <o:File HRef="xaml_1.htm"/>
 <o:File HRef="png_1.js"/>
 <o:File HRef="png_1.htm"/>
 <o:File HRef="6C4C57CC-4692-3CA0-4627-942ED879B30F.odttf"/>
 <o:File HRef="zoom.htm"/>
 <o:File HRef="find.js"/>
 <o:File HRef="widgets.htm"/>
 <o:File HRef="toolbar.htm"/>
 <o:MainFile HRef="../Документ9.htm"/>
 <o:File HRef="filelist.xml"/>
</xml>